{
    "birch": {
        "b0": 0.674356776893855,
        "b1": 3.257646410105669,
        "e0": -29.241630725052467,
        "v0": 5.931133425673999
    },
    "birch_murnaghan": {
        "b0": 0.6743567805768204,
        "b1": 3.257644684804187,
        "e0": -29.241630725063786,
        "v0": 5.931133430421913
    },
    "energies_ev": [
        -29.233632124426215,
        -29.238147850228906,
        -29.240761512418008,
        -29.241629906628408,
        -29.240895750084146,
        -29.23868937468354,
        -29.2351299265236
    ],
    "input_volumes_ang3": [
        5.572177399040758,
        5.690734850186768,
        5.809289540031807,
        5.927851772839443,
        6.046403864866471,
        6.164962104255803,
        6.2835193286461015
    ],
    "murnaghan": {
        "b0": 0.6735681095094692,
        "b1": 3.247469724416152,
        "e0": -29.24162972510652,
        "v0": 5.931151962983927
    },
    "pourier_tarantola": {
        "b0": 0.6743862969593677,
        "b1": 3.256845084628958,
        "e0": -29.241630762516202,
        "v0": 5.931134095498865
    },
    "vinet": {
        "b0": 0.6743683579043185,
        "b1": 3.2570432172466273,
        "e0": -29.24163073971136,
        "v0": 5.931134017461248
    },
    "volumes_ang3": [
        5.572177399276297,
        5.690734849996167,
        5.80928953991507,
        5.92785177279775,
        6.046403864900514,
        6.16496210436682,
        6.283519328834986
    ]
}